,Buy & Hold,OpenAI,Gemini,Ollama
Cumulative Return,-0.09912275542760357,-0.04232886499342915,0.0,-0.037794111958198755
Sharpe Ratio,-1.5922188729264983,-1.0883609397718144,,-1.1464220693690863
Standard Deviation,0.022460436523365695,0.014031731648408185,0.0,0.011893979927435074
Annualized Volatility,0.35654837627266683,0.2227468344316948,0.0,0.18881107792072363
Max Drawdown,0.13936617930383682,0.12206533195101268,0.0,0.07141595969098946
